{
    "sum": 8533753.0,
    "avr": 249.06613548142312,
    "sumMD": 34696.0,
    "avrMD": 246.0709219858156,
    "sumSD": 31853.0,
    "avrSD": 225.9078014184397,
    "max": 476.0,
    "min": 27.0
}