{
    "sum": 951978492.2400006,
    "max": 9954898.69,
    "min": 18008.78,
    "mean": 4576819.674230769
}